"0","library(dplyr)"
"0",""
"0","newdata$weekday<-format ( as.POSIXct ( newdata$date),      ""%A"" )"
"0","newdata<-newdata %>% mutate(""Day""=case_when("
"0","   weekday==""Monday"" ~ ""weekday"","
"0","   weekday==""Tuesday"" ~""weekday"","
"0","   weekday==""Wednesday"" ~ ""weekday"","
"0","   weekday==""Thursday"" ~ ""weekday"","
"0","   weekday==""Friday"" ~ ""weekday"","
"0","   weekday==""Saturday"" ~ ""weekend"","
"0","   weekday==""Sunday"" ~ ""weekend""))"
"0",""
"0","newaveragedailysteps<- aggregate(steps~interval+Day,data=newdata, mean)"
"0",""
"0","par(mfrow=c(2,1))"
"0",""
"0","plot(steps~interval,data=filter(newaveragedailysteps,Day==""weekday""), type = ""l"",xlab = ""5 min intervals in a day"",ylab = ""Average steps"",main = ""Activity during the  week"")"
